{"cameraMode":{"drawMode":0,"name":"Shaded","section":"Shading Mode"},"sceneLighting":false,"audioPlay":false,"sceneViewState":{"m_AlwaysRefresh":false,"showFog":false,"showSkybox":false,"showFlares":false,"showImageEffects":false,"showParticleSystems":false,"showVisualEffectGraphs":true,"m_FxEnabled":true},"in2DMode":false,"pivot":{"x":5.960464477539063e-8,"y":1.1304216384887696,"z":0.030777335166931154},"rotation":{"x":-0.0023904223926365377,"y":-0.9959415793418884,"z":0.08567136526107788,"w":-0.027787385508418084},"size":1.7318596839904786,"orthographic":false}