{"cameraMode":{"drawMode":0,"name":"Shaded","section":"Shading Mode"},"sceneLighting":true,"audioPlay":false,"sceneViewState":{"m_AlwaysRefresh":false,"showFog":true,"showSkybox":true,"showFlares":true,"showImageEffects":true,"showParticleSystems":true,"showVisualEffectGraphs":true,"m_FxEnabled":true},"in2DMode":false,"pivot":{"x":-1.3463413715362549,"y":0.7044343948364258,"z":-1.2248886823654175},"rotation":{"x":-0.004225885961204767,"y":0.9932079315185547,"z":-0.11009635031223297,"w":-0.03814822435379028},"size":2.4706051349639894,"orthographic":false}