{"cameraMode":{"drawMode":0,"name":"Shaded","section":"Shading Mode"},"sceneLighting":true,"audioPlay":false,"sceneViewState":{"m_AlwaysRefresh":false,"showFog":true,"showSkybox":true,"showFlares":true,"showImageEffects":true,"showParticleSystems":true,"showVisualEffectGraphs":true,"m_FxEnabled":true},"in2DMode":false,"pivot":{"x":5.7314558029174809,"y":-3.7214934825897219,"z":13.849954605102539},"rotation":{"x":0.18616418540477754,"y":0.16245298087596894,"z":-0.031243056058883668,"w":0.9685412645339966},"size":12.12435531616211,"orthographic":false}