{"cameraMode":{"drawMode":0,"name":"Shaded","section":"Shading Mode"},"sceneLighting":true,"audioPlay":false,"sceneViewState":{"m_AlwaysRefresh":false,"showFog":true,"showSkybox":true,"showFlares":true,"showImageEffects":true,"showParticleSystems":true,"showVisualEffectGraphs":true,"m_FxEnabled":true},"in2DMode":false,"pivot":{"x":-0.12160789966583252,"y":0.9798280596733093,"z":0.24089789390563966},"rotation":{"x":0.00957226101309061,"y":-0.9792512059211731,"z":0.1967809498310089,"w":0.047635629773139957},"size":1.2899892330169678,"orthographic":false}