{"cameraMode":{"drawMode":0,"name":"Shaded","section":"Shading Mode"},"sceneLighting":true,"audioPlay":false,"sceneViewState":{"m_AlwaysRefresh":false,"showFog":true,"showSkybox":true,"showFlares":true,"showImageEffects":true,"showParticleSystems":true,"showVisualEffectGraphs":true,"m_FxEnabled":false},"in2DMode":false,"pivot":{"x":0.3698789179325104,"y":0.8719748258590698,"z":-2.817877769470215},"rotation":{"x":0.028186514973640443,"y":-0.008399397134780884,"z":-0.00024209503317251801,"w":-0.999584436416626},"size":1.1785410642623902,"orthographic":false}