{"cameraMode":{"drawMode":0,"name":"Shaded","section":"Shading Mode"},"sceneLighting":true,"audioPlay":false,"sceneViewState":{"m_AlwaysRefresh":false,"showFog":true,"showSkybox":true,"showFlares":true,"showImageEffects":true,"showParticleSystems":true,"showVisualEffectGraphs":true,"m_FxEnabled":true},"in2DMode":false,"pivot":{"x":-0.7433034181594849,"y":-1.39132559299469,"z":-0.3129805326461792},"rotation":{"x":-0.012582909315824509,"y":0.9129412770271301,"z":-0.40703561902046206,"w":-0.028206514194607736},"size":3.8689959049224855,"orthographic":false}