{"cameraMode":{"drawMode":0,"name":"Shaded","section":"Shading Mode"},"sceneLighting":true,"audioPlay":false,"sceneViewState":{"m_AlwaysRefresh":false,"showFog":true,"showSkybox":true,"showFlares":true,"showImageEffects":true,"showParticleSystems":true,"showVisualEffectGraphs":true,"m_FxEnabled":true},"in2DMode":false,"pivot":{"x":-0.44529664516448977,"y":0.8314087390899658,"z":-0.07558178901672363},"rotation":{"x":-0.005157124251127243,"y":0.9878785014152527,"z":-0.15172749757766725,"w":-0.0334903821349144},"size":2.192645788192749,"orthographic":false}