{"cameraMode":{"drawMode":0,"name":"Shaded","section":"Shading Mode"},"sceneLighting":true,"audioPlay":false,"sceneViewState":{"m_AlwaysRefresh":false,"showFog":true,"showSkybox":true,"showFlares":true,"showImageEffects":true,"showParticleSystems":true,"showVisualEffectGraphs":true,"m_FxEnabled":true},"in2DMode":false,"pivot":{"x":-0.008701752871274948,"y":1.50081467628479,"z":-0.005306856241077185},"rotation":{"x":-0.0006795744993723929,"y":-0.9920274019241333,"z":0.12597286701202393,"w":-0.00535048171877861},"size":1.1535104513168336,"orthographic":false}