{"cameraMode":{"drawMode":0,"name":"Shaded","section":"Shading Mode"},"sceneLighting":true,"audioPlay":false,"sceneViewState":{"m_AlwaysRefresh":false,"showFog":true,"showSkybox":true,"showFlares":true,"showImageEffects":true,"showParticleSystems":true,"showVisualEffectGraphs":true,"m_FxEnabled":true},"in2DMode":false,"pivot":{"x":0.9823653697967529,"y":0.4080299139022827,"z":-1.4882752895355225},"rotation":{"x":0.0016117423074319959,"y":0.9857650399208069,"z":-0.1680956780910492,"w":0.00947339367121458},"size":4.5243940353393559,"orthographic":false}